year,num_transactions,total_sales,avg_sale_value
2023,94,20016.91,212.9458510638298
2024,81,15305.51,188.95691358024692
2025,25,5212.99,208.5196
